,date,state,area,year
0,2003-01-01,Johor,356922.0,2003
1,2003-01-01,Kedah,344530.0,2003
2,2003-01-01,Kelantan,629687.0,2003
3,2003-01-01,Melaka,5468.0,2003
4,2003-01-01,Negeri Sembilan,165639.0,2003
5,2003-01-01,Pahang,1524132.0,2003
6,2003-01-01,Perak,884205.0,2003
7,2003-01-01,Perlis,10718.0,2003
8,2003-01-01,Pulau Pinang,5139.0,2003
9,2003-01-01,Sabah,3563186.0,2003
10,2003-01-01,Sarawak,4836800.0,2003
11,2003-01-01,Selangor,233781.0,2003
12,2003-01-01,Terengganu,535929.0,2003
13,2003-01-01,Kuala Lumpur,61.0,2003
14,2003-01-01,Labuan,0.0,2003
15,2003-01-01,Putrajaya,0.0,2003
16,2004-01-01,Johor,355772.0,2004
17,2004-01-01,Kedah,342613.0,2004
18,2004-01-01,Kelantan,629367.0,2004
19,2004-01-01,Melaka,5185.0,2004
20,2004-01-01,Negeri Sembilan,162075.0,2004
21,2004-01-01,Pahang,1524132.0,2004
22,2004-01-01,Perak,884205.0,2004
23,2004-01-01,Perlis,10718.0,2004
24,2004-01-01,Pulau Pinang,5434.0,2004
25,2004-01-01,Sabah,3543186.0,2004
26,2004-01-01,Sarawak,4806300.0,2004
27,2004-01-01,Selangor,233781.0,2004
28,2004-01-01,Terengganu,530162.0,2004
29,2004-01-01,Kuala Lumpur,61.0,2004
30,2004-01-01,Labuan,0.0,2004
31,2004-01-01,Putrajaya,0.0,2004
32,2005-01-01,Johor,375864.0,2005
33,2005-01-01,Kedah,342613.0,2005
34,2005-01-01,Kelantan,629687.0,2005
35,2005-01-01,Melaka,5185.0,2005
36,2005-01-01,Negeri Sembilan,160151.0,2005
37,2005-01-01,Pahang,1519501.0,2005
38,2005-01-01,Perak,884205.0,2005
39,2005-01-01,Perlis,10718.0,2005
40,2005-01-01,Pulau Pinang,5434.0,2005
41,2005-01-01,Sabah,3523186.0,2005
42,2005-01-01,Sarawak,4779900.0,2005
43,2005-01-01,Selangor,239782.0,2005
44,2005-01-01,Terengganu,538063.0,2005
45,2005-01-01,Kuala Lumpur,61.0,2005
46,2005-01-01,Labuan,0.0,2005
47,2005-01-01,Putrajaya,0.0,2005
48,2006-01-01,Johor,391499.0,2006
49,2006-01-01,Kedah,342613.0,2006
50,2006-01-01,Kelantan,629687.0,2006
51,2006-01-01,Melaka,5159.0,2006
52,2006-01-01,Negeri Sembilan,156275.0,2006
53,2006-01-01,Pahang,1519501.0,2006
54,2006-01-01,Perak,884205.0,2006
55,2006-01-01,Perlis,10718.0,2006
56,2006-01-01,Pulau Pinang,5434.0,2006
57,2006-01-01,Sabah,3503186.0,2006
58,2006-01-01,Sarawak,4778300.0,2006
59,2006-01-01,Selangor,235212.0,2006
60,2006-01-01,Terengganu,545818.0,2006
61,2006-01-01,Kuala Lumpur,61.0,2006
62,2006-01-01,Labuan,0.0,2006
63,2006-01-01,Putrajaya,0.0,2006
64,2007-01-01,Johor,391499.0,2007
65,2007-01-01,Kedah,342613.0,2007
66,2007-01-01,Kelantan,629687.0,2007
67,2007-01-01,Melaka,5079.0,2007
68,2007-01-01,Negeri Sembilan,154185.0,2007
69,2007-01-01,Pahang,1484099.0,2007
70,2007-01-01,Perak,884205.0,2007
71,2007-01-01,Perlis,10718.0,2007
72,2007-01-01,Pulau Pinang,6098.0,2007
73,2007-01-01,Sabah,3604867.0,2007
74,2007-01-01,Sarawak,4692900.0,2007
75,2007-01-01,Selangor,241568.0,2007
76,2007-01-01,Terengganu,545818.0,2007
77,2007-01-01,Kuala Lumpur,61.0,2007
78,2007-01-01,Labuan,0.0,2007
79,2007-01-01,Putrajaya,0.0,2007
80,2008-01-01,Johor,441251.0,2008
81,2008-01-01,Kedah,342613.0,2008
82,2008-01-01,Kelantan,623849.0,2008
83,2008-01-01,Melaka,5080.0,2008
84,2008-01-01,Negeri Sembilan,155909.0,2008
85,2008-01-01,Pahang,1562496.0,2008
86,2008-01-01,Perak,873936.0,2008
87,2008-01-01,Perlis,10586.0,2008
88,2008-01-01,Pulau Pinang,6098.0,2008
89,2008-01-01,Sabah,3604867.0,2008
90,2008-01-01,Sarawak,4681543.0,2008
91,2008-01-01,Selangor,241568.0,2008
92,2008-01-01,Terengganu,544118.0,2008
93,2008-01-01,Kuala Lumpur,61.0,2008
94,2008-01-01,Labuan,0.0,2008
95,2008-01-01,Putrajaya,0.0,2008
96,2009-01-01,Johor,438751.0,2009
97,2009-01-01,Kedah,342613.0,2009
98,2009-01-01,Kelantan,623849.0,2009
99,2009-01-01,Melaka,5080.0,2009
100,2009-01-01,Negeri Sembilan,157058.0,2009
101,2009-01-01,Pahang,1562902.0,2009
102,2009-01-01,Perak,991436.0,2009
103,2009-01-01,Perlis,10808.0,2009
104,2009-01-01,Pulau Pinang,6098.0,2009
105,2009-01-01,Sabah,3604894.0,2009
106,2009-01-01,Sarawak,4583609.0,2009
107,2009-01-01,Selangor,247793.0,2009
108,2009-01-01,Terengganu,544118.0,2009
109,2009-01-01,Kuala Lumpur,63.0,2009
110,2009-01-01,Labuan,0.0,2009
111,2009-01-01,Putrajaya,0.0,2009
112,2010-01-01,Johor,432678.0,2010
113,2010-01-01,Kedah,342613.0,2010
114,2010-01-01,Kelantan,623849.0,2010
115,2010-01-01,Melaka,5079.0,2010
116,2010-01-01,Negeri Sembilan,153837.0,2010
117,2010-01-01,Pahang,1562902.0,2010
118,2010-01-01,Perak,987511.0,2010
119,2010-01-01,Perlis,10808.0,2010
120,2010-01-01,Pulau Pinang,6098.0,2010
121,2010-01-01,Sabah,3606647.0,2010
122,2010-01-01,Sarawak,,2010
123,2010-01-01,Selangor,250129.0,2010
124,2010-01-01,Terengganu,544118.0,2010
125,2010-01-01,Kuala Lumpur,63.0,2010
126,2010-01-01,Labuan,0.0,2010
127,2010-01-01,Putrajaya,0.0,2010
128,2011-01-01,Johor,432208.0,2011
129,2011-01-01,Kedah,342613.0,2011
130,2011-01-01,Kelantan,623849.0,2011
131,2011-01-01,Melaka,4818.0,2011
132,2011-01-01,Negeri Sembilan,153459.0,2011
133,2011-01-01,Pahang,1562902.0,2011
134,2011-01-01,Perak,986262.0,2011
135,2011-01-01,Perlis,10799.0,2011
136,2011-01-01,Pulau Pinang,6098.0,2011
137,2011-01-01,Sabah,3606647.0,2011
138,2011-01-01,Sarawak,,2011
139,2011-01-01,Selangor,250129.0,2011
140,2011-01-01,Terengganu,539234.0,2011
141,2011-01-01,Kuala Lumpur,63.0,2011
142,2011-01-01,Labuan,0.0,2011
143,2011-01-01,Putrajaya,0.0,2011
144,2012-01-01,Johor,432208.0,2012
145,2012-01-01,Kedah,325463.0,2012
146,2012-01-01,Kelantan,623849.0,2012
147,2012-01-01,Melaka,5151.0,2012
148,2012-01-01,Negeri Sembilan,154578.0,2012
149,2012-01-01,Pahang,1562902.0,2012
150,2012-01-01,Perak,983136.0,2012
151,2012-01-01,Perlis,10799.0,2012
152,2012-01-01,Pulau Pinang,6098.0,2012
153,2012-01-01,Sabah,3609249.0,2012
154,2012-01-01,Sarawak,4337164.0,2012
155,2012-01-01,Selangor,250129.0,2012
156,2012-01-01,Terengganu,539232.0,2012
157,2012-01-01,Kuala Lumpur,68.0,2012
158,2012-01-01,Labuan,0.0,2012
159,2012-01-01,Putrajaya,0.0,2012
160,2013-01-01,Johor,432209.0,2013
161,2013-01-01,Kedah,341976.0,2013
162,2013-01-01,Kelantan,623849.0,2013
163,2013-01-01,Melaka,5151.0,2013
164,2013-01-01,Negeri Sembilan,154676.0,2013
165,2013-01-01,Pahang,1562902.0,2013
166,2013-01-01,Perak,1003616.0,2013
167,2013-01-01,Perlis,10799.0,2013
168,2013-01-01,Pulau Pinang,6060.0,2013
169,2013-01-01,Sabah,3614730.0,2013
170,2013-01-01,Sarawak,4368066.0,2013
171,2013-01-01,Selangor,250129.0,2013
172,2013-01-01,Terengganu,544855.0,2013
173,2013-01-01,Kuala Lumpur,68.0,2013
174,2013-01-01,Labuan,0.0,2013
175,2013-01-01,Putrajaya,0.0,2013
176,2014-01-01,Johor,432184.0,2014
177,2014-01-01,Kedah,341976.0,2014
178,2014-01-01,Kelantan,623849.0,2014
179,2014-01-01,Melaka,5093.0,2014
180,2014-01-01,Negeri Sembilan,155825.0,2014
181,2014-01-01,Pahang,1562900.0,2014
182,2014-01-01,Perak,999967.0,2014
183,2014-01-01,Perlis,10799.0,2014
184,2014-01-01,Pulau Pinang,6060.0,2014
185,2014-01-01,Sabah,3615066.0,2014
186,2014-01-01,Sarawak,4352828.0,2014
187,2014-01-01,Selangor,250129.0,2014
188,2014-01-01,Terengganu,544937.0,2014
189,2014-01-01,Kuala Lumpur,68.0,2014
190,2014-01-01,Labuan,0.0,2014
191,2014-01-01,Putrajaya,0.0,2014
192,2015-01-01,Johor,414637.0,2015
193,2015-01-01,Kedah,341976.0,2015
194,2015-01-01,Kelantan,623849.0,2015
195,2015-01-01,Melaka,5104.0,2015
196,2015-01-01,Negeri Sembilan,155708.0,2015
197,2015-01-01,Pahang,1563993.0,2015
198,2015-01-01,Perak,999488.0,2015
199,2015-01-01,Perlis,10799.0,2015
200,2015-01-01,Pulau Pinang,6060.0,2015
201,2015-01-01,Sabah,3551247.0,2015
202,2015-01-01,Sarawak,4320302.0,2015
203,2015-01-01,Selangor,250129.0,2015
204,2015-01-01,Terengganu,544937.0,2015
205,2015-01-01,Kuala Lumpur,68.0,2015
206,2015-01-01,Labuan,0.0,2015
207,2015-01-01,Putrajaya,0.0,2015
208,2016-01-01,Johor,414628.0,2016
209,2016-01-01,Kedah,341976.0,2016
210,2016-01-01,Kelantan,635437.0,2016
211,2016-01-01,Melaka,5137.0,2016
212,2016-01-01,Negeri Sembilan,155650.0,2016
213,2016-01-01,Pahang,1559913.0,2016
214,2016-01-01,Perak,999473.0,2016
215,2016-01-01,Perlis,10799.0,2016
216,2016-01-01,Pulau Pinang,6060.0,2016
217,2016-01-01,Sabah,3540274.0,2016
218,2016-01-01,Sarawak,4317939.0,2016
219,2016-01-01,Selangor,250129.0,2016
220,2016-01-01,Terengganu,544883.0,2016
221,2016-01-01,Kuala Lumpur,68.0,2016
222,2016-01-01,Labuan,0.0,2016
223,2016-01-01,Putrajaya,0.0,2016
224,2017-01-01,Johor,332749.0,2017
225,2017-01-01,Kedah,341976.0,2017
226,2017-01-01,Kelantan,613275.0,2017
227,2017-01-01,Melaka,5138.0,2017
228,2017-01-01,Negeri Sembilan,155650.0,2017
229,2017-01-01,Pahang,1558898.0,2017
230,2017-01-01,Perak,995216.0,2017
231,2017-01-01,Perlis,10615.0,2017
232,2017-01-01,Pulau Pinang,5101.0,2017
233,2017-01-01,Sabah,3540749.0,2017
234,2017-01-01,Sarawak,4274825.0,2017
235,2017-01-01,Selangor,250129.0,2017
236,2017-01-01,Terengganu,542411.0,2017
237,2017-01-01,Kuala Lumpur,68.0,2017
238,2017-01-01,Labuan,0.0,2017
239,2017-01-01,Putrajaya,0.0,2017
240,2018-01-01,Johor,332749.0,2018
241,2018-01-01,Kedah,341976.0,2018
242,2018-01-01,Kelantan,613275.0,2018
243,2018-01-01,Melaka,5199.0,2018
244,2018-01-01,Negeri Sembilan,155549.0,2018
245,2018-01-01,Pahang,1559385.0,2018
246,2018-01-01,Perak,988914.0,2018
247,2018-01-01,Perlis,10615.0,2018
248,2018-01-01,Pulau Pinang,5101.0,2018
249,2018-01-01,Sabah,3540749.0,2018
250,2018-01-01,Sarawak,4209053.0,2018
251,2018-01-01,Selangor,250210.0,2018
252,2018-01-01,Terengganu,540309.0,2018
253,2018-01-01,Kuala Lumpur,68.0,2018
254,2018-01-01,Labuan,0.0,2018
255,2018-01-01,Putrajaya,0.0,2018
256,2019-01-01,Johor,334292.0,2019
257,2019-01-01,Kedah,341976.0,2019
258,2019-01-01,Kelantan,629775.0,2019
259,2019-01-01,Melaka,5199.0,2019
260,2019-01-01,Negeri Sembilan,155492.0,2019
261,2019-01-01,Pahang,1550687.0,2019
262,2019-01-01,Perak,988591.0,2019
263,2019-01-01,Perlis,10628.0,2019
264,2019-01-01,Pulau Pinang,5101.0,2019
265,2019-01-01,Sabah,3541266.0,2019
266,2019-01-01,Sarawak,3964880.0,2019
267,2019-01-01,Selangor,250208.0,2019
268,2019-01-01,Terengganu,540309.0,2019
269,2019-01-01,Kuala Lumpur,68.0,2019
270,2019-01-01,Labuan,0.0,2019
271,2019-01-01,Putrajaya,0.0,2019
272,2020-01-01,Johor,334292.0,2020
273,2020-01-01,Kedah,341976.0,2020
274,2020-01-01,Kelantan,629881.0,2020
275,2020-01-01,Melaka,5199.0,2020
276,2020-01-01,Negeri Sembilan,155143.0,2020
277,2020-01-01,Pahang,1545610.0,2020
278,2020-01-01,Perak,987632.0,2020
279,2020-01-01,Perlis,10629.0,2020
280,2020-01-01,Pulau Pinang,5387.0,2020
281,2020-01-01,Sabah,3574468.0,2020
282,2020-01-01,Sarawak,3964880.0,2020
283,2020-01-01,Selangor,250208.0,2020
284,2020-01-01,Terengganu,540309.0,2020
285,2020-01-01,Kuala Lumpur,68.0,2020
286,2020-01-01,Labuan,0.0,2020
287,2020-01-01,Putrajaya,0.0,2020
288,2021-01-01,Johor,334502.0,2021
289,2021-01-01,Kedah,341976.0,2021
290,2021-01-01,Kelantan,629881.0,2021
291,2021-01-01,Melaka,5199.0,2021
292,2021-01-01,Negeri Sembilan,155143.0,2021
293,2021-01-01,Pahang,1588298.0,2021
294,2021-01-01,Perak,986848.0,2021
295,2021-01-01,Perlis,10629.0,2021
296,2021-01-01,Pulau Pinang,5387.0,2021
297,2021-01-01,Sabah,3574468.0,2021
298,2021-01-01,Sarawak,3964880.0,2021
299,2021-01-01,Selangor,250208.0,2021
300,2021-01-01,Terengganu,540309.0,2021
301,2021-01-01,Kuala Lumpur,68.0,2021
302,2021-01-01,Labuan,0.0,2021
303,2021-01-01,Putrajaya,0.0,2021
