alert_date,alert__year,alert__week,confidence__cat,alert__count,month,year_month
2012-01-23,2012,4,h,1,1,2012-01
2012-01-30,2012,5,h,1,1,2012-01
2012-02-06,2012,6,h,2,2,2012-02
2012-02-13,2012,7,h,2,2,2012-02
2012-02-27,2012,9,h,1,2,2012-02
2012-03-12,2012,11,h,1,3,2012-03
2012-03-19,2012,12,h,5,3,2012-03
2012-03-26,2012,13,h,16,3,2012-03
2012-04-02,2012,14,h,2,4,2012-04
2012-04-09,2012,15,h,3,4,2012-04
2012-04-16,2012,16,h,2,4,2012-04
2012-04-30,2012,18,h,3,4,2012-04
2012-05-07,2012,19,h,6,5,2012-05
2012-05-14,2012,20,h,7,5,2012-05
2012-05-21,2012,21,h,14,5,2012-05
2012-05-28,2012,22,h,4,5,2012-05
2012-06-04,2012,23,h,6,6,2012-06
2012-06-11,2012,24,h,71,6,2012-06
2012-06-18,2012,25,h,103,6,2012-06
2012-06-25,2012,26,h,38,6,2012-06
2012-07-02,2012,27,h,5,7,2012-07
2012-07-09,2012,28,h,4,7,2012-07
2012-07-16,2012,29,h,2,7,2012-07
2012-07-23,2012,30,h,11,7,2012-07
2012-07-30,2012,31,h,94,7,2012-07
2012-08-06,2012,32,h,20,8,2012-08
2012-08-13,2012,33,h,11,8,2012-08
2012-08-20,2012,34,h,3,8,2012-08
2012-08-27,2012,35,h,16,8,2012-08
2012-09-03,2012,36,h,12,9,2012-09
2012-09-10,2012,37,h,24,9,2012-09
2012-09-17,2012,38,h,2,9,2012-09
2012-09-24,2012,39,h,16,9,2012-09
2012-10-01,2012,40,h,11,10,2012-10
2012-10-15,2012,42,h,1,10,2012-10
2012-10-22,2012,43,h,8,10,2012-10
2012-11-12,2012,46,h,1,11,2012-11
2012-11-26,2012,48,h,4,11,2012-11
2012-12-17,2012,51,h,1,12,2012-12
2013-01-14,2013,3,h,3,1,2013-01
2013-01-21,2013,4,h,4,1,2013-01
2013-01-28,2013,5,h,14,1,2013-01
2013-02-04,2013,6,h,3,2,2013-02
2013-03-04,2013,10,h,1,3,2013-03
2013-03-11,2013,11,h,13,3,2013-03
2013-03-18,2013,12,h,6,3,2013-03
2013-03-25,2013,13,h,3,3,2013-03
2013-04-01,2013,14,h,1,4,2013-04
2013-04-22,2013,17,h,8,4,2013-04
2013-04-29,2013,18,h,4,4,2013-04
2013-05-06,2013,19,h,2,5,2013-05
2013-05-13,2013,20,h,3,5,2013-05
2013-05-20,2013,21,h,1,5,2013-05
2013-05-27,2013,22,h,13,5,2013-05
2013-06-03,2013,23,h,2,6,2013-06
2013-06-10,2013,24,h,28,6,2013-06
2013-06-17,2013,25,h,83,6,2013-06
2013-06-24,2013,26,h,10,6,2013-06
2013-07-01,2013,27,h,1,7,2013-07
2013-07-08,2013,28,h,2,7,2013-07
2013-07-22,2013,30,h,66,7,2013-07
2013-07-29,2013,31,h,10,7,2013-07
2013-08-05,2013,32,h,3,8,2013-08
2013-08-12,2013,33,h,76,8,2013-08
2013-08-19,2013,34,h,33,8,2013-08
2013-08-26,2013,35,h,32,8,2013-08
2013-09-16,2013,38,h,9,9,2013-09
2013-09-23,2013,39,h,12,9,2013-09
2013-09-30,2013,40,h,16,9,2013-09
2013-10-07,2013,41,h,4,10,2013-10
2013-10-14,2013,42,h,4,10,2013-10
2013-10-28,2013,44,h,6,10,2013-10
2013-11-04,2013,45,h,1,11,2013-11
2014-01-20,2014,4,h,4,1,2014-01
2014-01-27,2014,5,h,21,1,2014-01
2014-02-03,2014,6,h,22,2,2014-02
2014-02-10,2014,7,h,20,2,2014-02
2014-02-17,2014,8,h,24,2,2014-02
2014-02-24,2014,9,h,70,2,2014-02
2014-03-03,2014,10,h,228,3,2014-03
2014-03-10,2014,11,h,177,3,2014-03
2014-03-17,2014,12,h,15,3,2014-03
2014-03-24,2014,13,h,35,3,2014-03
2014-03-31,2014,14,h,2,3,2014-03
2014-04-07,2014,15,h,26,4,2014-04
2014-04-14,2014,16,h,26,4,2014-04
2014-04-21,2014,17,h,10,4,2014-04
2014-04-28,2014,18,h,12,4,2014-04
2014-05-05,2014,19,h,8,5,2014-05
2014-05-12,2014,20,h,5,5,2014-05
2014-05-19,2014,21,h,4,5,2014-05
2014-06-02,2014,23,h,7,6,2014-06
2014-06-09,2014,24,h,3,6,2014-06
2014-06-16,2014,25,h,25,6,2014-06
2014-06-23,2014,26,h,29,6,2014-06
2014-06-30,2014,27,h,8,6,2014-06
2014-07-14,2014,29,h,37,7,2014-07
2014-07-21,2014,30,h,135,7,2014-07
2014-07-28,2014,31,h,5,7,2014-07
2014-08-04,2014,32,h,12,8,2014-08
2014-08-11,2014,33,h,3,8,2014-08
2014-08-18,2014,34,h,8,8,2014-08
2014-08-25,2014,35,h,3,8,2014-08
2014-09-01,2014,36,h,6,9,2014-09
2014-09-08,2014,37,h,9,9,2014-09
2014-09-15,2014,38,h,5,9,2014-09
2014-09-22,2014,39,h,20,9,2014-09
2014-09-29,2014,40,h,5,9,2014-09
2014-10-13,2014,42,h,1,10,2014-10
2014-10-20,2014,43,h,3,10,2014-10
2014-10-27,2014,44,h,3,10,2014-10
2014-11-17,2014,47,h,1,11,2014-11
2014-12-08,2014,50,h,11,12,2014-12
2015-01-05,2015,2,h,2,1,2015-01
2015-01-12,2015,3,h,2,1,2015-01
2015-01-19,2015,4,h,2,1,2015-01
2015-01-26,2015,5,h,5,1,2015-01
2015-02-02,2015,6,h,6,2,2015-02
2015-02-09,2015,7,h,7,2,2015-02
2015-02-16,2015,8,h,3,2,2015-02
2015-02-23,2015,9,h,16,2,2015-02
2015-03-02,2015,10,h,26,3,2015-03
2015-03-09,2015,11,h,42,3,2015-03
2015-03-16,2015,12,h,37,3,2015-03
2015-03-23,2015,13,h,36,3,2015-03
2015-03-30,2015,14,h,7,3,2015-03
2015-04-06,2015,15,h,44,4,2015-04
2015-04-13,2015,16,h,42,4,2015-04
2015-04-20,2015,17,h,7,4,2015-04
2015-04-27,2015,18,h,6,4,2015-04
2015-05-04,2015,19,h,9,5,2015-05
2015-05-11,2015,20,h,16,5,2015-05
2015-05-18,2015,21,h,2,5,2015-05
2015-05-25,2015,22,h,12,5,2015-05
2015-06-01,2015,23,h,22,6,2015-06
2015-06-15,2015,25,h,1,6,2015-06
2015-06-22,2015,26,h,28,6,2015-06
2015-06-29,2015,27,h,29,6,2015-06
2015-07-06,2015,28,h,8,7,2015-07
2015-07-13,2015,29,h,11,7,2015-07
2015-07-20,2015,30,h,30,7,2015-07
2015-07-27,2015,31,h,28,7,2015-07
2015-08-03,2015,32,h,2,8,2015-08
2015-08-10,2015,33,h,23,8,2015-08
2015-08-17,2015,34,h,18,8,2015-08
2015-08-24,2015,35,h,9,8,2015-08
2015-08-31,2015,36,h,18,8,2015-08
2015-09-07,2015,37,h,18,9,2015-09
2015-09-14,2015,38,h,16,9,2015-09
2015-09-21,2015,39,h,22,9,2015-09
2015-09-28,2015,40,h,19,9,2015-09
2015-10-05,2015,41,h,6,10,2015-10
2015-10-12,2015,42,h,3,10,2015-10
2015-10-19,2015,43,h,5,10,2015-10
2015-11-09,2015,46,h,1,11,2015-11
2015-11-16,2015,47,h,1,11,2015-11
2015-11-23,2015,48,h,1,11,2015-11
2015-11-30,2015,49,h,2,11,2015-11
2015-12-07,2015,50,h,1,12,2015-12
2015-12-14,2015,51,h,1,12,2015-12
2015-12-28,2015,53,h,4,12,2015-12
2016-01-04,2016,1,h,11,1,2016-01
2016-01-18,2016,3,h,5,1,2016-01
2016-01-25,2016,4,h,5,1,2016-01
2016-02-01,2016,5,h,2,2,2016-02
2016-02-08,2016,6,h,4,2,2016-02
2016-02-15,2016,7,h,29,2,2016-02
2016-02-22,2016,8,h,38,2,2016-02
2016-02-29,2016,9,h,23,2,2016-02
2016-03-07,2016,10,h,34,3,2016-03
2016-03-14,2016,11,h,28,3,2016-03
2016-03-21,2016,12,h,80,3,2016-03
2016-03-28,2016,13,h,86,3,2016-03
2016-04-04,2016,14,h,36,4,2016-04
2016-04-11,2016,15,h,23,4,2016-04
2016-04-18,2016,16,h,110,4,2016-04
2016-04-25,2016,17,h,37,4,2016-04
2016-05-02,2016,18,h,17,5,2016-05
2016-05-09,2016,19,h,9,5,2016-05
2016-05-16,2016,20,h,3,5,2016-05
2016-05-23,2016,21,h,3,5,2016-05
2016-06-13,2016,24,h,3,6,2016-06
2016-06-20,2016,25,h,5,6,2016-06
2016-06-27,2016,26,h,11,6,2016-06
2016-07-04,2016,27,h,17,7,2016-07
2016-07-11,2016,28,h,5,7,2016-07
2016-07-25,2016,30,h,2,7,2016-07
2016-08-08,2016,32,h,25,8,2016-08
2016-08-15,2016,33,h,28,8,2016-08
2016-08-22,2016,34,h,9,8,2016-08
2016-08-29,2016,35,h,6,8,2016-08
2016-09-05,2016,36,h,6,9,2016-09
2016-09-12,2016,37,h,3,9,2016-09
2016-09-19,2016,38,h,11,9,2016-09
2016-09-26,2016,39,h,1,9,2016-09
2016-10-10,2016,41,h,1,10,2016-10
2016-11-07,2016,45,h,1,11,2016-11
2016-11-14,2016,46,h,2,11,2016-11
2016-12-12,2016,50,h,1,12,2016-12
2017-01-09,2017,2,h,8,1,2017-01
2017-01-23,2017,4,h,1,1,2017-01
2017-02-06,2017,6,h,2,2,2017-02
2017-02-20,2017,8,h,1,2,2017-02
2017-03-06,2017,10,h,2,3,2017-03
2017-03-13,2017,11,h,6,3,2017-03
2017-03-20,2017,12,h,2,3,2017-03
2017-04-24,2017,17,h,5,4,2017-04
2017-05-01,2017,18,h,3,5,2017-05
2017-05-15,2017,20,h,3,5,2017-05
2017-05-29,2017,22,h,1,5,2017-05
2017-06-05,2017,23,h,1,6,2017-06
2017-06-12,2017,24,h,3,6,2017-06
2017-06-19,2017,25,h,5,6,2017-06
2017-06-26,2017,26,h,4,6,2017-06
2017-07-17,2017,29,h,9,7,2017-07
2017-07-24,2017,30,h,18,7,2017-07
2017-07-31,2017,31,h,26,7,2017-07
2017-08-07,2017,32,h,2,8,2017-08
2017-08-21,2017,34,h,6,8,2017-08
2017-08-28,2017,35,h,1,8,2017-08
2017-09-18,2017,38,h,3,9,2017-09
2017-09-25,2017,39,h,9,9,2017-09
2017-10-02,2017,40,h,3,10,2017-10
2017-10-16,2017,42,h,8,10,2017-10
2017-10-23,2017,43,h,1,10,2017-10
2017-11-13,2017,46,h,2,11,2017-11
2017-12-25,2017,52,h,1,12,2017-12
2018-01-15,2018,3,h,1,1,2018-01
2018-02-05,2018,6,h,3,2,2018-02
2018-02-12,2018,7,h,19,2,2018-02
2018-03-05,2018,10,h,3,3,2018-03
2018-03-12,2018,11,h,1,3,2018-03
2018-03-19,2018,12,h,9,3,2018-03
2018-03-26,2018,13,h,4,3,2018-03
2018-04-02,2018,14,h,12,4,2018-04
2018-04-09,2018,15,h,8,4,2018-04
2018-04-16,2018,16,h,3,4,2018-04
2018-04-23,2018,17,h,6,4,2018-04
2018-04-30,2018,18,h,1,4,2018-04
2018-05-07,2018,19,h,3,5,2018-05
2018-05-14,2018,20,h,4,5,2018-05
2018-05-21,2018,21,h,1,5,2018-05
2018-05-28,2018,22,h,1,5,2018-05
2018-06-04,2018,23,h,7,6,2018-06
2018-06-11,2018,24,h,4,6,2018-06
2018-06-18,2018,25,h,1,6,2018-06
2018-06-25,2018,26,h,1,6,2018-06
2018-07-02,2018,27,h,1,7,2018-07
2018-07-09,2018,28,h,5,7,2018-07
2018-07-16,2018,29,h,47,7,2018-07
2018-07-23,2018,30,h,16,7,2018-07
2018-07-30,2018,31,h,3,7,2018-07
2018-08-06,2018,32,h,27,8,2018-08
2018-08-13,2018,33,h,89,8,2018-08
2018-08-20,2018,34,h,11,8,2018-08
2018-08-27,2018,35,h,13,8,2018-08
2018-09-03,2018,36,h,2,9,2018-09
2018-09-17,2018,38,h,4,9,2018-09
2018-09-24,2018,39,h,10,9,2018-09
2018-10-01,2018,40,h,6,10,2018-10
2018-10-08,2018,41,h,1,10,2018-10
2018-10-22,2018,43,h,2,10,2018-10
2018-11-26,2018,48,h,1,11,2018-11
2018-12-10,2018,50,h,1,12,2018-12
2018-12-17,2018,51,h,2,12,2018-12
2018-12-31,2019,1,h,1,12,2018-12
2019-01-14,2019,3,h,1,1,2019-01
2019-01-28,2019,5,h,1,1,2019-01
2019-02-04,2019,6,h,3,2,2019-02
2019-02-11,2019,7,h,15,2,2019-02
2019-02-18,2019,8,h,13,2,2019-02
2019-02-25,2019,9,h,26,2,2019-02
2019-03-04,2019,10,h,18,3,2019-03
2019-03-11,2019,11,h,83,3,2019-03
2019-03-18,2019,12,h,70,3,2019-03
2019-03-25,2019,13,h,5,3,2019-03
2019-04-01,2019,14,h,9,4,2019-04
2019-04-08,2019,15,h,9,4,2019-04
2019-04-15,2019,16,h,35,4,2019-04
2019-04-22,2019,17,h,3,4,2019-04
2019-04-29,2019,18,h,16,4,2019-04
2019-05-06,2019,19,h,10,5,2019-05
2019-05-13,2019,20,h,2,5,2019-05
2019-05-20,2019,21,h,1,5,2019-05
2019-05-27,2019,22,h,4,5,2019-05
2019-06-03,2019,23,h,1,6,2019-06
2019-06-10,2019,24,h,2,6,2019-06
2019-06-24,2019,26,h,1,6,2019-06
2019-07-01,2019,27,h,1,7,2019-07
2019-07-08,2019,28,h,8,7,2019-07
2019-07-15,2019,29,h,6,7,2019-07
2019-07-22,2019,30,h,4,7,2019-07
2019-07-29,2019,31,h,42,7,2019-07
2019-08-05,2019,32,h,29,8,2019-08
2019-08-12,2019,33,h,5,8,2019-08
2019-08-19,2019,34,h,11,8,2019-08
2019-08-26,2019,35,h,4,8,2019-08
2019-09-02,2019,36,h,36,9,2019-09
2019-09-09,2019,37,h,4,9,2019-09
2019-09-16,2019,38,h,24,9,2019-09
2019-09-23,2019,39,h,7,9,2019-09
2019-09-30,2019,40,h,5,9,2019-09
2019-10-07,2019,41,h,2,10,2019-10
2019-10-14,2019,42,h,3,10,2019-10
2019-10-28,2019,44,h,1,10,2019-10
2019-11-04,2019,45,h,2,11,2019-11
2019-11-11,2019,46,h,4,11,2019-11
2019-11-18,2019,47,h,2,11,2019-11
2019-12-09,2019,50,h,2,12,2019-12
2019-12-16,2019,51,h,2,12,2019-12
2019-12-23,2019,52,h,4,12,2019-12
2019-12-30,2020,1,h,1,12,2019-12
2020-01-06,2020,2,h,2,1,2020-01
2020-01-13,2020,3,h,7,1,2020-01
2020-01-20,2020,4,h,12,1,2020-01
2020-01-27,2020,5,h,3,1,2020-01
2020-02-03,2020,6,h,5,2,2020-02
2020-02-10,2020,7,h,4,2,2020-02
2020-02-17,2020,8,h,6,2,2020-02
2020-02-24,2020,9,h,15,2,2020-02
2020-03-02,2020,10,h,2,3,2020-03
2020-03-09,2020,11,h,15,3,2020-03
2020-03-16,2020,12,h,15,3,2020-03
2020-03-23,2020,13,h,9,3,2020-03
2020-03-30,2020,14,h,14,3,2020-03
2020-04-06,2020,15,h,2,4,2020-04
2020-04-13,2020,16,h,20,4,2020-04
2020-04-20,2020,17,h,8,4,2020-04
2020-05-04,2020,19,h,1,5,2020-05
2020-05-11,2020,20,h,3,5,2020-05
2020-05-18,2020,21,h,1,5,2020-05
2020-05-25,2020,22,h,4,5,2020-05
2020-06-08,2020,24,h,1,6,2020-06
2020-07-13,2020,29,h,6,7,2020-07
2020-08-03,2020,32,h,9,8,2020-08
2020-08-10,2020,33,h,1,8,2020-08
2020-08-17,2020,34,h,4,8,2020-08
2020-08-24,2020,35,h,2,8,2020-08
2020-08-31,2020,36,h,1,8,2020-08
2020-09-21,2020,39,h,1,9,2020-09
2020-09-28,2020,40,h,1,9,2020-09
2020-10-19,2020,43,h,2,10,2020-10
2020-10-26,2020,44,h,1,10,2020-10
2020-11-09,2020,46,h,1,11,2020-11
2021-02-01,2021,5,h,1,2,2021-02
2021-02-08,2021,6,h,2,2,2021-02
2021-02-15,2021,7,h,3,2,2021-02
2021-02-22,2021,8,h,15,2,2021-02
2021-03-01,2021,9,h,9,3,2021-03
2021-03-08,2021,10,h,7,3,2021-03
2021-03-15,2021,11,h,1,3,2021-03
2021-03-29,2021,13,h,2,3,2021-03
2021-04-05,2021,14,h,1,4,2021-04
2021-04-19,2021,16,h,3,4,2021-04
2021-04-26,2021,17,h,2,4,2021-04
2021-06-21,2021,25,h,2,6,2021-06
2021-07-05,2021,27,h,2,7,2021-07
2021-07-19,2021,29,h,29,7,2021-07
2021-07-26,2021,30,h,10,7,2021-07
2021-08-02,2021,31,h,9,8,2021-08
2021-08-16,2021,33,h,1,8,2021-08
2021-09-06,2021,36,h,2,9,2021-09
2021-09-13,2021,37,h,10,9,2021-09
2021-10-04,2021,40,h,5,10,2021-10
2021-10-11,2021,41,h,4,10,2021-10
2021-10-25,2021,43,h,2,10,2021-10
2021-11-29,2021,48,h,5,11,2021-11
2022-01-10,2022,2,h,2,1,2022-01
2022-03-21,2022,12,h,1,3,2022-03
2022-04-18,2022,16,h,2,4,2022-04
2022-04-25,2022,17,h,1,4,2022-04
2022-05-16,2022,20,h,1,5,2022-05
2022-05-30,2022,22,h,1,5,2022-05
2022-06-27,2022,26,h,5,6,2022-06
2022-07-04,2022,27,h,1,7,2022-07
2022-07-18,2022,29,h,1,7,2022-07
2022-08-22,2022,34,h,3,8,2022-08
2022-09-19,2022,38,h,2,9,2022-09
2022-09-26,2022,39,h,6,9,2022-09
2022-10-10,2022,41,h,1,10,2022-10
2022-11-21,2022,47,h,1,11,2022-11
2022-11-28,2022,48,h,2,11,2022-11
2023-01-09,2023,2,h,1,1,2023-01
2023-01-16,2023,3,h,1,1,2023-01
2023-03-06,2023,10,h,3,3,2023-03
2023-03-13,2023,11,h,3,3,2023-03
2023-03-27,2023,13,h,2,3,2023-03
2023-04-03,2023,14,h,3,4,2023-04
2023-04-10,2023,15,h,11,4,2023-04
2023-04-17,2023,16,h,6,4,2023-04
2023-04-24,2023,17,h,1,4,2023-04
2023-05-08,2023,19,h,2,5,2023-05
2023-05-15,2023,20,h,1,5,2023-05
2023-05-22,2023,21,h,3,5,2023-05
2023-05-29,2023,22,h,2,5,2023-05
2023-06-12,2023,24,h,1,6,2023-06
2023-06-19,2023,25,h,1,6,2023-06
2023-06-26,2023,26,h,1,6,2023-06
2023-07-03,2023,27,h,1,7,2023-07
2023-07-24,2023,30,h,7,7,2023-07
2023-07-31,2023,31,h,36,7,2023-07
2023-08-07,2023,32,h,1,8,2023-08
2023-08-14,2023,33,h,2,8,2023-08
2023-08-21,2023,34,h,4,8,2023-08
2023-08-28,2023,35,h,5,8,2023-08
2023-09-11,2023,37,h,2,9,2023-09
2023-09-25,2023,39,h,2,9,2023-09
2023-10-02,2023,40,h,5,10,2023-10
2023-10-09,2023,41,h,3,10,2023-10
2023-10-23,2023,43,h,4,10,2023-10
2023-11-13,2023,46,h,2,11,2023-11
2023-12-25,2023,52,h,2,12,2023-12
2024-01-29,2024,5,h,4,1,2024-01
2024-02-05,2024,6,h,4,2,2024-02
2024-02-12,2024,7,h,3,2,2024-02
2024-02-19,2024,8,h,8,2,2024-02
2024-03-04,2024,10,h,3,3,2024-03
2024-03-11,2024,11,h,7,3,2024-03
2024-03-18,2024,12,h,10,3,2024-03
2024-03-25,2024,13,h,20,3,2024-03
2024-04-01,2024,14,h,21,4,2024-04
2024-04-08,2024,15,h,9,4,2024-04
2024-04-15,2024,16,h,1,4,2024-04
2024-04-22,2024,17,h,8,4,2024-04
2024-04-29,2024,18,h,1,4,2024-04
2024-05-06,2024,19,h,21,5,2024-05
2024-05-13,2024,20,h,3,5,2024-05
2024-05-20,2024,21,h,2,5,2024-05
2024-05-27,2024,22,h,1,5,2024-05
2024-06-03,2024,23,h,3,6,2024-06
2024-06-10,2024,24,h,5,6,2024-06
2024-06-24,2024,26,h,4,6,2024-06
2024-08-05,2024,32,h,2,8,2024-08
2024-08-12,2024,33,h,11,8,2024-08
2024-08-19,2024,34,h,4,8,2024-08
2024-08-26,2024,35,h,3,8,2024-08
2024-09-02,2024,36,h,11,9,2024-09
2024-09-09,2024,37,h,5,9,2024-09
2024-09-16,2024,38,h,1,9,2024-09
2024-10-21,2024,43,h,4,10,2024-10
2024-10-28,2024,44,h,3,10,2024-10
