"iso","alert__year","alert__week","alert__count","confidence__cat"
"MYS",2012,4,1,"h"
"MYS",2012,5,1,"h"
"MYS",2012,6,2,"h"
"MYS",2012,7,2,"h"
"MYS",2012,9,1,"h"
"MYS",2012,11,1,"h"
"MYS",2012,12,5,"h"
"MYS",2012,13,16,"h"
"MYS",2012,14,2,"h"
"MYS",2012,15,3,"h"
"MYS",2012,16,2,"h"
"MYS",2012,18,3,"h"
"MYS",2012,19,6,"h"
"MYS",2012,20,7,"h"
"MYS",2012,21,14,"h"
"MYS",2012,22,4,"h"
"MYS",2012,23,6,"h"
"MYS",2012,24,71,"h"
"MYS",2012,25,103,"h"
"MYS",2012,26,38,"h"
"MYS",2012,27,5,"h"
"MYS",2012,28,4,"h"
"MYS",2012,29,2,"h"
"MYS",2012,30,11,"h"
"MYS",2012,31,94,"h"
"MYS",2012,32,20,"h"
"MYS",2012,33,11,"h"
"MYS",2012,34,3,"h"
"MYS",2012,35,16,"h"
"MYS",2012,36,12,"h"
"MYS",2012,37,24,"h"
"MYS",2012,38,2,"h"
"MYS",2012,39,16,"h"
"MYS",2012,40,11,"h"
"MYS",2012,42,1,"h"
"MYS",2012,43,8,"h"
"MYS",2012,46,1,"h"
"MYS",2012,48,4,"h"
"MYS",2012,51,1,"h"
"MYS",2013,3,3,"h"
"MYS",2013,4,4,"h"
"MYS",2013,5,14,"h"
"MYS",2013,6,3,"h"
"MYS",2013,10,1,"h"
"MYS",2013,11,13,"h"
"MYS",2013,12,6,"h"
"MYS",2013,13,3,"h"
"MYS",2013,14,1,"h"
"MYS",2013,17,8,"h"
"MYS",2013,18,4,"h"
"MYS",2013,19,2,"h"
"MYS",2013,20,3,"h"
"MYS",2013,21,1,"h"
"MYS",2013,22,13,"h"
"MYS",2013,23,2,"h"
"MYS",2013,24,28,"h"
"MYS",2013,25,83,"h"
"MYS",2013,26,10,"h"
"MYS",2013,27,1,"h"
"MYS",2013,28,2,"h"
"MYS",2013,30,66,"h"
"MYS",2013,31,10,"h"
"MYS",2013,32,3,"h"
"MYS",2013,33,76,"h"
"MYS",2013,34,33,"h"
"MYS",2013,35,32,"h"
"MYS",2013,38,9,"h"
"MYS",2013,39,12,"h"
"MYS",2013,40,16,"h"
"MYS",2013,41,4,"h"
"MYS",2013,42,4,"h"
"MYS",2013,44,6,"h"
"MYS",2013,45,1,"h"
"MYS",2014,4,4,"h"
"MYS",2014,5,21,"h"
"MYS",2014,6,22,"h"
"MYS",2014,7,20,"h"
"MYS",2014,8,24,"h"
"MYS",2014,9,70,"h"
"MYS",2014,10,228,"h"
"MYS",2014,11,177,"h"
"MYS",2014,12,15,"h"
"MYS",2014,13,35,"h"
"MYS",2014,14,2,"h"
"MYS",2014,15,26,"h"
"MYS",2014,16,26,"h"
"MYS",2014,17,10,"h"
"MYS",2014,18,12,"h"
"MYS",2014,19,8,"h"
"MYS",2014,20,5,"h"
"MYS",2014,21,4,"h"
"MYS",2014,23,7,"h"
"MYS",2014,24,3,"h"
"MYS",2014,25,25,"h"
"MYS",2014,26,29,"h"
"MYS",2014,27,8,"h"
"MYS",2014,29,37,"h"
"MYS",2014,30,135,"h"
"MYS",2014,31,5,"h"
"MYS",2014,32,12,"h"
"MYS",2014,33,3,"h"
"MYS",2014,34,8,"h"
"MYS",2014,35,3,"h"
"MYS",2014,36,6,"h"
"MYS",2014,37,9,"h"
"MYS",2014,38,5,"h"
"MYS",2014,39,20,"h"
"MYS",2014,40,5,"h"
"MYS",2014,42,1,"h"
"MYS",2014,43,3,"h"
"MYS",2014,44,3,"h"
"MYS",2014,47,1,"h"
"MYS",2014,50,11,"h"
"MYS",2015,2,2,"h"
"MYS",2015,3,2,"h"
"MYS",2015,4,2,"h"
"MYS",2015,5,5,"h"
"MYS",2015,6,6,"h"
"MYS",2015,7,7,"h"
"MYS",2015,8,3,"h"
"MYS",2015,9,16,"h"
"MYS",2015,10,26,"h"
"MYS",2015,11,42,"h"
"MYS",2015,12,37,"h"
"MYS",2015,13,36,"h"
"MYS",2015,14,7,"h"
"MYS",2015,15,44,"h"
"MYS",2015,16,42,"h"
"MYS",2015,17,7,"h"
"MYS",2015,18,6,"h"
"MYS",2015,19,9,"h"
"MYS",2015,20,16,"h"
"MYS",2015,21,2,"h"
"MYS",2015,22,12,"h"
"MYS",2015,23,22,"h"
"MYS",2015,25,1,"h"
"MYS",2015,26,28,"h"
"MYS",2015,27,29,"h"
"MYS",2015,28,8,"h"
"MYS",2015,29,11,"h"
"MYS",2015,30,30,"h"
"MYS",2015,31,28,"h"
"MYS",2015,32,2,"h"
"MYS",2015,33,23,"h"
"MYS",2015,34,18,"h"
"MYS",2015,35,9,"h"
"MYS",2015,36,18,"h"
"MYS",2015,37,18,"h"
"MYS",2015,38,16,"h"
"MYS",2015,39,22,"h"
"MYS",2015,40,19,"h"
"MYS",2015,41,6,"h"
"MYS",2015,42,3,"h"
"MYS",2015,43,5,"h"
"MYS",2015,46,1,"h"
"MYS",2015,47,1,"h"
"MYS",2015,48,1,"h"
"MYS",2015,49,2,"h"
"MYS",2015,50,1,"h"
"MYS",2015,51,1,"h"
"MYS",2015,53,4,"h"
"MYS",2016,1,11,"h"
"MYS",2016,3,5,"h"
"MYS",2016,4,5,"h"
"MYS",2016,5,2,"h"
"MYS",2016,6,4,"h"
"MYS",2016,7,29,"h"
"MYS",2016,8,38,"h"
"MYS",2016,9,23,"h"
"MYS",2016,10,34,"h"
"MYS",2016,11,28,"h"
"MYS",2016,12,80,"h"
"MYS",2016,13,86,"h"
"MYS",2016,14,36,"h"
"MYS",2016,15,23,"h"
"MYS",2016,16,110,"h"
"MYS",2016,17,37,"h"
"MYS",2016,18,17,"h"
"MYS",2016,19,9,"h"
"MYS",2016,20,3,"h"
"MYS",2016,21,3,"h"
"MYS",2016,24,3,"h"
"MYS",2016,25,5,"h"
"MYS",2016,26,11,"h"
"MYS",2016,27,17,"h"
"MYS",2016,28,5,"h"
"MYS",2016,30,2,"h"
"MYS",2016,32,25,"h"
"MYS",2016,33,28,"h"
"MYS",2016,34,9,"h"
"MYS",2016,35,6,"h"
"MYS",2016,36,6,"h"
"MYS",2016,37,3,"h"
"MYS",2016,38,11,"h"
"MYS",2016,39,1,"h"
"MYS",2016,41,1,"h"
"MYS",2016,45,1,"h"
"MYS",2016,46,2,"h"
"MYS",2016,50,1,"h"
"MYS",2017,2,8,"h"
"MYS",2017,4,1,"h"
"MYS",2017,6,2,"h"
"MYS",2017,8,1,"h"
"MYS",2017,10,2,"h"
"MYS",2017,11,6,"h"
"MYS",2017,12,2,"h"
"MYS",2017,17,5,"h"
"MYS",2017,18,3,"h"
"MYS",2017,20,3,"h"
"MYS",2017,22,1,"h"
"MYS",2017,23,1,"h"
"MYS",2017,24,3,"h"
"MYS",2017,25,5,"h"
"MYS",2017,26,4,"h"
"MYS",2017,29,9,"h"
"MYS",2017,30,18,"h"
"MYS",2017,31,26,"h"
"MYS",2017,32,2,"h"
"MYS",2017,34,6,"h"
"MYS",2017,35,1,"h"
"MYS",2017,38,3,"h"
"MYS",2017,39,9,"h"
"MYS",2017,40,3,"h"
"MYS",2017,42,8,"h"
"MYS",2017,43,1,"h"
"MYS",2017,46,2,"h"
"MYS",2017,52,1,"h"
"MYS",2018,3,1,"h"
"MYS",2018,6,3,"h"
"MYS",2018,7,19,"h"
"MYS",2018,10,3,"h"
"MYS",2018,11,1,"h"
"MYS",2018,12,9,"h"
"MYS",2018,13,4,"h"
"MYS",2018,14,12,"h"
"MYS",2018,15,8,"h"
"MYS",2018,16,3,"h"
"MYS",2018,17,6,"h"
"MYS",2018,18,1,"h"
"MYS",2018,19,3,"h"
"MYS",2018,20,4,"h"
"MYS",2018,21,1,"h"
"MYS",2018,22,1,"h"
"MYS",2018,23,7,"h"
"MYS",2018,24,4,"h"
"MYS",2018,25,1,"h"
"MYS",2018,26,1,"h"
"MYS",2018,27,1,"h"
"MYS",2018,28,5,"h"
"MYS",2018,29,47,"h"
"MYS",2018,30,16,"h"
"MYS",2018,31,3,"h"
"MYS",2018,32,27,"h"
"MYS",2018,33,89,"h"
"MYS",2018,34,11,"h"
"MYS",2018,35,13,"h"
"MYS",2018,36,2,"h"
"MYS",2018,38,4,"h"
"MYS",2018,39,10,"h"
"MYS",2018,40,6,"h"
"MYS",2018,41,1,"h"
"MYS",2018,43,2,"h"
"MYS",2018,48,1,"h"
"MYS",2018,50,1,"h"
"MYS",2018,51,2,"h"
"MYS",2019,1,1,"h"
"MYS",2019,3,1,"h"
"MYS",2019,5,1,"h"
"MYS",2019,6,3,"h"
"MYS",2019,7,15,"h"
"MYS",2019,8,13,"h"
"MYS",2019,9,26,"h"
"MYS",2019,10,18,"h"
"MYS",2019,11,83,"h"
"MYS",2019,12,70,"h"
"MYS",2019,13,5,"h"
"MYS",2019,14,9,"h"
"MYS",2019,15,9,"h"
"MYS",2019,16,35,"h"
"MYS",2019,17,3,"h"
"MYS",2019,18,16,"h"
"MYS",2019,19,10,"h"
"MYS",2019,20,2,"h"
"MYS",2019,21,1,"h"
"MYS",2019,22,4,"h"
"MYS",2019,23,1,"h"
"MYS",2019,24,2,"h"
"MYS",2019,26,1,"h"
"MYS",2019,27,1,"h"
"MYS",2019,28,8,"h"
"MYS",2019,29,6,"h"
"MYS",2019,30,4,"h"
"MYS",2019,31,42,"h"
"MYS",2019,32,29,"h"
"MYS",2019,33,5,"h"
"MYS",2019,34,11,"h"
"MYS",2019,35,4,"h"
"MYS",2019,36,36,"h"
"MYS",2019,37,4,"h"
"MYS",2019,38,24,"h"
"MYS",2019,39,7,"h"
"MYS",2019,40,5,"h"
"MYS",2019,41,2,"h"
"MYS",2019,42,3,"h"
"MYS",2019,44,1,"h"
"MYS",2019,45,2,"h"
"MYS",2019,46,4,"h"
"MYS",2019,47,2,"h"
"MYS",2019,50,2,"h"
"MYS",2019,51,2,"h"
"MYS",2019,52,4,"h"
"MYS",2020,1,1,"h"
"MYS",2020,2,2,"h"
"MYS",2020,3,7,"h"
"MYS",2020,4,12,"h"
"MYS",2020,5,3,"h"
"MYS",2020,6,5,"h"
"MYS",2020,7,4,"h"
"MYS",2020,8,6,"h"
"MYS",2020,9,15,"h"
"MYS",2020,10,2,"h"
"MYS",2020,11,15,"h"
"MYS",2020,12,15,"h"
"MYS",2020,13,9,"h"
"MYS",2020,14,14,"h"
"MYS",2020,15,2,"h"
"MYS",2020,16,20,"h"
"MYS",2020,17,8,"h"
"MYS",2020,19,1,"h"
"MYS",2020,20,3,"h"
"MYS",2020,21,1,"h"
"MYS",2020,22,4,"h"
"MYS",2020,24,1,"h"
"MYS",2020,29,6,"h"
"MYS",2020,32,9,"h"
"MYS",2020,33,1,"h"
"MYS",2020,34,4,"h"
"MYS",2020,35,2,"h"
"MYS",2020,36,1,"h"
"MYS",2020,39,1,"h"
"MYS",2020,40,1,"h"
"MYS",2020,43,2,"h"
"MYS",2020,44,1,"h"
"MYS",2020,46,1,"h"
"MYS",2021,5,1,"h"
"MYS",2021,6,2,"h"
"MYS",2021,7,3,"h"
"MYS",2021,8,15,"h"
"MYS",2021,9,9,"h"
"MYS",2021,10,7,"h"
"MYS",2021,11,1,"h"
"MYS",2021,13,2,"h"
"MYS",2021,14,1,"h"
"MYS",2021,16,3,"h"
"MYS",2021,17,2,"h"
"MYS",2021,25,2,"h"
"MYS",2021,27,2,"h"
"MYS",2021,29,29,"h"
"MYS",2021,30,10,"h"
"MYS",2021,31,9,"h"
"MYS",2021,33,1,"h"
"MYS",2021,36,2,"h"
"MYS",2021,37,10,"h"
"MYS",2021,40,5,"h"
"MYS",2021,41,4,"h"
"MYS",2021,43,2,"h"
"MYS",2021,48,5,"h"
"MYS",2022,2,2,"h"
"MYS",2022,12,1,"h"
"MYS",2022,16,2,"h"
"MYS",2022,17,1,"h"
"MYS",2022,20,1,"h"
"MYS",2022,22,1,"h"
"MYS",2022,26,5,"h"
"MYS",2022,27,1,"h"
"MYS",2022,29,1,"h"
"MYS",2022,34,3,"h"
"MYS",2022,38,2,"h"
"MYS",2022,39,6,"h"
"MYS",2022,41,1,"h"
"MYS",2022,47,1,"h"
"MYS",2022,48,2,"h"
"MYS",2023,2,1,"h"
"MYS",2023,3,1,"h"
"MYS",2023,10,3,"h"
"MYS",2023,11,3,"h"
"MYS",2023,13,2,"h"
"MYS",2023,14,3,"h"
"MYS",2023,15,11,"h"
"MYS",2023,16,6,"h"
"MYS",2023,17,1,"h"
"MYS",2023,19,2,"h"
"MYS",2023,20,1,"h"
"MYS",2023,21,3,"h"
"MYS",2023,22,2,"h"
"MYS",2023,24,1,"h"
"MYS",2023,25,1,"h"
"MYS",2023,26,1,"h"
"MYS",2023,27,1,"h"
"MYS",2023,30,7,"h"
"MYS",2023,31,36,"h"
"MYS",2023,32,1,"h"
"MYS",2023,33,2,"h"
"MYS",2023,34,4,"h"
"MYS",2023,35,5,"h"
"MYS",2023,37,2,"h"
"MYS",2023,39,2,"h"
"MYS",2023,40,5,"h"
"MYS",2023,41,3,"h"
"MYS",2023,43,4,"h"
"MYS",2023,46,2,"h"
"MYS",2023,52,2,"h"
"MYS",2024,5,4,"h"
"MYS",2024,6,4,"h"
"MYS",2024,7,3,"h"
"MYS",2024,8,8,"h"
"MYS",2024,10,3,"h"
"MYS",2024,11,7,"h"
"MYS",2024,12,10,"h"
"MYS",2024,13,20,"h"
"MYS",2024,14,21,"h"
"MYS",2024,15,9,"h"
"MYS",2024,16,1,"h"
"MYS",2024,17,8,"h"
"MYS",2024,18,1,"h"
"MYS",2024,19,21,"h"
"MYS",2024,20,3,"h"
"MYS",2024,21,2,"h"
"MYS",2024,22,1,"h"
"MYS",2024,23,3,"h"
"MYS",2024,24,5,"h"
"MYS",2024,26,4,"h"
"MYS",2024,32,2,"h"
"MYS",2024,33,11,"h"
"MYS",2024,34,4,"h"
"MYS",2024,35,3,"h"
"MYS",2024,36,11,"h"
"MYS",2024,37,5,"h"
"MYS",2024,38,1,"h"
"MYS",2024,43,4,"h"
"MYS",2024,44,3,"h"
"MYS",2025,1,1,"h"
"MYS",2025,7,3,"h"
"MYS",2025,8,2,"h"
"MYS",2025,9,2,"h"
"MYS",2025,10,1,"h"
"MYS",2025,12,5,"h"
"MYS",2025,13,1,"h"
"MYS",2025,14,1,"h"
"MYS",2025,16,1,"h"
"MYS",2025,18,1,"h"
"MYS",2025,19,1,"h"
"MYS",2025,20,4,"h"
"MYS",2025,21,4,"h"
"MYS",2025,24,11,"h"
"MYS",2025,25,1,"h"
"MYS",2025,26,3,"h"
"MYS",2025,28,1,"h"
"MYS",2025,29,8,"h"
"MYS",2025,30,21,"h"
"MYS",2025,31,27,"h"
"MYS",2025,32,1,"h"
"MYS",2025,33,2,"h"
"MYS",2025,35,4,"h"
"MYS",2025,38,4,"h"
"MYS",2025,39,9,"h"
"MYS",2025,40,1,"h"
"MYS",2025,41,1,"h"
